{"cameraMode":{"drawMode":0,"name":"Shaded","section":"Shading Mode"},"sceneLighting":true,"audioPlay":false,"sceneViewState":{"showFog":true,"showMaterialUpdate":true,"showSkybox":true,"showFlares":true,"showImageEffects":true,"showParticleSystems":true},"in2DMode":false,"pivot":{"x":-12.228862762451172,"y":-77.78604888916016,"z":124.70918273925781},"rotation":{"x":0.2823503017425537,"y":-0.04027659818530083,"z":0.011866032145917416,"w":0.9583951234817505},"size":81.63230895996094,"orthographic":false}